<?xml version="1.0" encoding="UTF-8"?><forwarder-configuration>

<main-port>8080</main-port>

    <max-reservation-time-in-minutes>1440</max-reservation-time-in-minutes>
    <default-reservation-time-in-minutes>480</default-reservation-time-in-minutes>
    <default-open-device-time-in-minutes>30</default-open-device-time-in-minutes>
    <default-open-automation-time-in-minutes>120</default-open-automation-time-in-minutes>

    <must-send-passwords-by-email>false</must-send-passwords-by-email>
    <initial-password-expiration-time-in-hours>24</initial-password-expiration-time-in-hours>
    <view-device-time-out-in-hours>24</view-device-time-out-in-hours>
    <user-password-expiration-time-in-days>36500</user-password-expiration-time-in-days>
    <admin-password-expiration-time-in-days>36500</admin-password-expiration-time-in-days>
    <max-number-attempts-before-lock>1000</max-number-attempts-before-lock>
    <session-expiration-time-in-minutes>180</session-expiration-time-in-minutes>
    <password-history-amount-of-passwords>0</password-history-amount-of-passwords>
    <allow-support-data-download>true</allow-support-data-download>
    <exclude-conf-files-from-support-data>false</exclude-conf-files-from-support-data>

    <password-schema-method>SHA</password-schema-method>
    <password-encoder-strength>256</password-encoder-strength>

    <!-- 30 days trial license.   After it's activated, this line is removed from conf file. -->
    <!-- This string value is copied from the License4J GUI and is stored in Online.License4J under license ID 1554206835188. -->

    <!-- To enable ssl use this configuration and restart the cloud server service -->

    <!--<use-secure-port>true</use-secure-port>-->

<cloud-server-host>mbremote.experitest.com</cloud-server-host>
<keystore-path>/opt/Experitest/dev.experitest.com.keystore</keystore-path>
<keystore-password>8tCt8jXApb</keystore-password>
    <!--<truststore-path>/path/to/conf/server_truststore.jks</truststore-path>-->
    <!--<truststore-password>1234567</truststore-password>-->

    <enable-touch-inactive-devices>false</enable-touch-inactive-devices>
    <touch-inactive-devices-interval-in-seconds>60</touch-inactive-devices-interval-in-seconds>

    <max-cloud-events-amount-per-type>2000</max-cloud-events-amount-per-type>

<single-port>true</single-port>
<use-secure-single-port>true</use-secure-single-port>
<reverse-proxy-port>443</reverse-proxy-port>

    <maximum-device-cleanup-time-in-minutes>5</maximum-device-cleanup-time-in-minutes>

    <max-test-requests-amount>1000</max-test-requests-amount>

	<sign-up-link/>
<import-apk-from-cloud-device>true</import-apk-from-cloud-device>

    <ios-signing-allow-prefix>false</ios-signing-allow-prefix>

    <enable-download-files>false</enable-download-files>
    <download-files-directory/>

    <enable-repository>true</enable-repository>

    <ldap-cache-time-to-live-in-seconds>120</ldap-cache-time-to-live-in-seconds>

    <xcui-test-allow-parallel>false</xcui-test-allow-parallel>

    <max-emulators-per-agent>4</max-emulators-per-agent>

    <default-open-browser-time-in-minutes>30</default-open-browser-time-in-minutes>

    <!--Single Sign-On configuration-->
    <sso-authentication enabled="false">

        <!--identity provider metadata url-->
        <saml-identity-provider-url/>

        <!--cloud server entity id-->
        <saml-service-provider-entity-id/>

        <!--identity provider user attributes names-->
        <saml-attributes-mapping>
            <username-tag-name>email</username-tag-name>
            <mail-tag-name>email</mail-tag-name>
            <first-name-tag-name>firstName</first-name-tag-name>
            <last-name-tag-name>lastName</last-name-tag-name>
        </saml-attributes-mapping>

        <!--keystore used for communication between cloud server and identity provider-->
        <!--can contain private keys and trust certificates of the identity provider-->
        <saml-keystore>
            <path/>
            <password/>
            <alias-name/>
            <alias-password/>
        </saml-keystore>

        <!-- Default timeout for session duration, to be used if not provided by IdP as the
             SessionNotOnOrAfter attribute -->
        <saml-session-timeout-in-hours>24</saml-session-timeout-in-hours>
    </sso-authentication>

    <!--<automatic-frame-rate-configuration>-->
        <!--<enable-frame-rate-based-on-latency>true</enable-frame-rate-based-on-latency>-->
        <!--<frame-rate-latency-check-interval-in-seconds>10</frame-rate-latency-check-interval-in-seconds>-->
        <!--<frame-rate-settings-ios>-->
            <!--<frame-rate-latency-breakdown>100,200</frame-rate-latency-breakdown>-->
            <!--<frame-rate-fps-breakdown>8,4,2</frame-rate-fps-breakdown>-->
        <!--</frame-rate-settings-ios>-->
        <!--<frame-rate-settings-android>-->
            <!--<frame-rate-latency-breakdown>100,200</frame-rate-latency-breakdown>-->
            <!--<frame-rate-fps-breakdown>8,4,2</frame-rate-fps-breakdown>-->
        <!--</frame-rate-settings-android>-->
    <!--</automatic-frame-rate-configuration>-->

    <!--To disable latency network indication change tag to false and restart the cloud server service-->
    <enable-latency-network-indication>true</enable-latency-network-indication>
    <!--<latency-avg-threshold-in-millisec>100</latency-avg-threshold-in-millisec>-->
    <!--<latency-time-inspection-in-second>5</latency-time-inspection-in-second>-->
    <!--<latency-waiting-time-in-second>5</latency-waiting-time-in-second>-->


    <generate-video-for-report>true</generate-video-for-report>
    <video-report-frames-per-second>4</video-report-frames-per-second>

<android-experitest-logs>true</android-experitest-logs>

<cloud-backup-base-dir>/var/lib/Experitest/cloud-server</cloud-backup-base-dir>
<android-enable-work-profile>true</android-enable-work-profile>
<latency-waiting-time-in-second>5</latency-waiting-time-in-second>
<access-key-expiration-time-in-days>3650</access-key-expiration-time-in-days>
<studio-session-expiration-time-in-minutes>30</studio-session-expiration-time-in-minutes>
<application-signer-timeout-in-minutes>7</application-signer-timeout-in-minutes>
<latency-avg-threshold-in-millisec>100</latency-avg-threshold-in-millisec>
<latency-time-inspection-in-second>5</latency-time-inspection-in-second>
<!--<har-recorder-mime-types>~t application/json</har-recorder-mime-types>--><pairing-key>uq1lglhnkiqvfk3383il8uqd1t</pairing-key>
<gc-time-throttling-threshold>0.1</gc-time-throttling-threshold>
<sign-ios-distribution-apps>true</sign-ios-distribution-apps>
<use-password-activation-link>false</use-password-activation-link>
<remove-existing-app-on-reupload-same>false</remove-existing-app-on-reupload-same>
<show-app-ops-in-ui-page-to-cloud-admin-only>false</show-app-ops-in-ui-page-to-cloud-admin-only>
<studio-session-expiration-always-release-device>false</studio-session-expiration-always-release-device>
<reports-folder>/var/lib/Experitest/cloud-server</reports-folder>
<enable-gc-time-throttling>false</enable-gc-time-throttling>
</forwarder-configuration>
