<?xml version="1.0" encoding="UTF-8"?>

<!-- NOTE ON FILE MODIFICATIONS: -->
<!-- If you make any local changes to this file, they will be gone in the next cloud upgrade. -->
<!-- Maximum file size and number of files should be configured in conf/logback.properties. -->
<!-- To make other permanent changes, write them in conf/logback-local.xml -->
<!-- The contents of this file should be enclosed in <included></included> tags. -->
<!-- Example contents of logback-local.xml:
    <included>
        <logger name="com.experitest" level="trace"/>
    </included>
 -->

<configuration scan="true" scanPeriod="5 seconds">
    <contextListener class="ch.qos.logback.classic.jul.LevelChangePropagator">
        <resetJUL>true</resetJUL>
    </contextListener>
    <property file="conf/logback.properties"/>
    <appender name="SERVER" class="ch.qos.logback.core.rolling.RollingFileAppender">
        <file>logs/server.log</file>
        <rollingPolicy class="ch.qos.logback.core.rolling.FixedWindowRollingPolicy">
            <fileNamePattern>logs/server-%i.log</fileNamePattern>
            <maxIndex>${appender.server.maxIndex:-20}</maxIndex>
        </rollingPolicy>
        <triggeringPolicy
                class="ch.qos.logback.core.rolling.SizeBasedTriggeringPolicy">
            <MaxFileSize>${appender.server.maxFileSize:-10MB}</MaxFileSize>
        </triggeringPolicy>
        <encoder>
            <pattern>%-90(%d{yyyy-MM-dd HH:mm:ss.SSS} %-5p %-30([%t]) %logger{0}) %m%n</pattern>
        </encoder>
    </appender>

    <appender name="AUDIT" class="ch.qos.logback.core.rolling.RollingFileAppender">
        <file>logs/audit.log</file>
        <rollingPolicy class="ch.qos.logback.core.rolling.FixedWindowRollingPolicy">
            <fileNamePattern>logs/audit-%i.log</fileNamePattern>
            <maxIndex>${appender.audit.maxIndex:-5}</maxIndex>
        </rollingPolicy>
        <triggeringPolicy
                class="ch.qos.logback.core.rolling.SizeBasedTriggeringPolicy">
            <MaxFileSize>${appender.audit.maxFileSize:-10MB}</MaxFileSize>
        </triggeringPolicy>
        <encoder>
            <pattern>%d{yyyy-MM-dd HH:mm:ss.SSS} %-5p %m%n</pattern>
        </encoder>
    </appender>

    <!-- do not turn off additivity here - spec says to log to the standard log too -->
    <logger name="com.experitest.cloudserver.model.AuditedEvent" level="info">
        <appender-ref ref="AUDIT"/>
    </logger>


    <logger name="com.experitest" level="debug"/>
    <logger name="org.apache.catalina" level="INFO"/>
    <logger name="liquibase.changelog.ChangeSet" level="INFO"/>

    <root level="warn">
        <appender-ref ref="SERVER"/>
    </root>

    <include optional="true" file="conf/logback-local.xml"/>
</configuration>

