<?xml version="1.0" encoding="UTF-8"?>
<configuration scan="true">
    <appender name="ROLLING" class="ch.qos.logback.core.rolling.RollingFileAppender">
        <file>logs/reporter.log</file>
        <rollingPolicy class="ch.qos.logback.core.rolling.FixedWindowRollingPolicy">
            <fileNamePattern>logs/reporter%i.log</fileNamePattern>
            <maxIndex>20</maxIndex>
        </rollingPolicy>
        <triggeringPolicy
                class="ch.qos.logback.core.rolling.SizeBasedTriggeringPolicy">
            <MaxFileSize>10MB</MaxFileSize>
        </triggeringPolicy>
        <encoder>
            <pattern>%d{yyyy-MM-dd HH:mm:ss.SSS}\t%level\t[%t]\t%logger{0}\t%mdc{requestId:-0}\t%m%n</pattern>
        </encoder>
    </appender>

    <appender name="API-REQUESTS" class="ch.qos.logback.core.rolling.RollingFileAppender">
        <file>logs/api-request.log</file>
        <rollingPolicy class="ch.qos.logback.core.rolling.FixedWindowRollingPolicy">
            <fileNamePattern>logs/api-requests%i.log</fileNamePattern>
            <maxIndex>10</maxIndex>
        </rollingPolicy>
        <triggeringPolicy
                class="ch.qos.logback.core.rolling.SizeBasedTriggeringPolicy">
            <MaxFileSize>20MB</MaxFileSize>
        </triggeringPolicy>
        <encoder>
            <pattern>%d{yyyy-MM-dd HH:mm:ss.SSS}\t%level\t[%t]\t%logger{0}\t%mdc{requestId:-0}\t%m%n</pattern>
        </encoder>
    </appender>

    <logger name="com.experitest" level="debug"/>
    <logger name="API-REQUESTS" level="info" additivity="false">
        <appender-ref ref="API-REQUESTS"/>
    </logger>

    <root level="warn">
        <appender-ref ref="ROLLING"/>
    </root>
</configuration>
