<?xml version="1.0" encoding="UTF-8"?>

<!-- NOTE ON FILE MODIFICATIONS: -->
<!-- If you make any local changes to this file, they will be gone in the next cloud upgrade. -->
<!-- Maximum file size and number of files should be configured in conf/logback.properties. -->
<!-- To make other permanent changes, write them in conf/logback-local.xml -->
<!-- The contents of this file should be enclosed in <included></included> tags. -->
<!-- Example contents of logback-local.xml:
    <included>
        <logger name="com.experitest" level="trace"/>
    </included>
 -->
<configuration scan="true" scanPeriod="5 seconds">
    <property file="config/logback.properties"/>
    <appender name="FILE" class="ch.qos.logback.core.rolling.RollingFileAppender">
        <file>logs/file-storage.log</file>
        <rollingPolicy class="ch.qos.logback.core.rolling.FixedWindowRollingPolicy">
            <fileNamePattern>logs/file-storage-%i.log</fileNamePattern>
            <maxIndex>${appender.maxIndex:-20}</maxIndex>
        </rollingPolicy>
        <triggeringPolicy class="ch.qos.logback.core.rolling.SizeBasedTriggeringPolicy">
            <MaxFileSize>${appender.maxFileSize:-10MB}</MaxFileSize>
        </triggeringPolicy>
        <encoder>
            <pattern>%d %-5p %-30([%t]) %logger{0} %m%n</pattern>
        </encoder>
    </appender>

    <logger name="com.experitest" level="DEBUG"/>
    <logger name="org.apache.catalina" level="INFO"/>

    <root level="WARN">
        <appender-ref ref="FILE"/>
    </root>

    <include optional="true" file="config/logback-local.xml"/>
</configuration>
